{"cameraMode":{"drawMode":0,"name":"Shaded","section":"Shading Mode"},"sceneLighting":true,"audioPlay":false,"sceneViewState":{"showFog":true,"showMaterialUpdate":false,"showSkybox":true,"showFlares":true,"showImageEffects":true,"showParticleSystems":true},"in2DMode":false,"pivot":{"x":1.399999976158142,"y":1.7699999809265137,"z":13.699999809265137},"rotation":{"x":-0.2346414178609848,"y":-0.1878524124622345,"z":0.04626941308379173,"w":-0.9526384472846985},"size":35.63656234741211,"orthographic":true}