{"cameraMode":{"drawMode":0,"name":"Shaded","section":"Shading Mode"},"sceneLighting":false,"audioPlay":false,"sceneViewState":{"showFog":true,"showMaterialUpdate":false,"showSkybox":false,"showFlares":true,"showImageEffects":true,"showParticleSystems":true},"in2DMode":false,"pivot":{"x":-6.489999771118164,"y":-1.1599972248077393,"z":24.540000915527345},"rotation":{"x":-0.07504792511463165,"y":0.18849912285804749,"z":-0.014445686712861061,"w":-0.9791018962860107},"size":9.383615493774414,"orthographic":false}