{"cameraMode":{"drawMode":0,"name":"Shaded","section":"Shading Mode"},"sceneLighting":false,"audioPlay":false,"sceneViewState":{"showFog":true,"showMaterialUpdate":false,"showSkybox":false,"showFlares":true,"showImageEffects":true,"showParticleSystems":true},"in2DMode":false,"pivot":{"x":0.7615553140640259,"y":0.08825807273387909,"z":0.803184449672699},"rotation":{"x":-0.08573494851589203,"y":0.7693473100662231,"z":-0.10567177087068558,"w":-0.6241804361343384},"size":1.383854627609253,"orthographic":false}